{
  "version": "2023.1",
  "applications": [],
  "platforms": [
    {
      "name": "fpga_1"
    },
    {
      "name": "fpga_2"
    },
    {
      "name": "new"
    }
  ],
  "systems": [
    {
      "name": "first_system",
      "platform": "C:/Users/Dell/Desktop/workspace/new/export/new/new.xpfm",
      "sysConfig": "new",
      "buildConfig": "Debug",
      "applications": [
        {
          "name": "first",
          "platform": "C:/Users/Dell/Desktop/workspace/new/export/new/new.xpfm",
          "platformPath": "C:\\Users\\Dell\\Desktop\\workspace\\new\\export\\new",
          "sysConfig": "new",
          "domain": "standalone_domain",
          "system": "first_system"
        }
      ],
      "platformPath": "C:\\Users\\Dell\\Desktop\\workspace\\new\\export\\new"
    },
    {
      "name": "part_2_system",
      "platform": "C:/Users/Dell/Desktop/workspace/fpga_2/export/fpga_2/fpga_2.xpfm",
      "sysConfig": "fpga_2",
      "buildConfig": "Debug",
      "applications": [
        {
          "name": "part_2",
          "platform": "C:/Users/Dell/Desktop/workspace/fpga_2/export/fpga_2/fpga_2.xpfm",
          "platformPath": "C:\\Users\\Dell\\Desktop\\workspace\\fpga_2\\export\\fpga_2",
          "sysConfig": "fpga_2",
          "domain": "standalone_domain",
          "system": "part_2_system"
        }
      ],
      "platformPath": "C:\\Users\\Dell\\Desktop\\workspace\\fpga_2\\export\\fpga_2"
    },
    {
      "name": "softwareproject_1_system",
      "platform": "C:/Users/Dell/Desktop/workspace/fpga_1/export/fpga_1/fpga_1.xpfm",
      "sysConfig": "fpga_1",
      "buildConfig": "Debug",
      "applications": [
        {
          "name": "softwareproject_1",
          "platform": "C:/Users/Dell/Desktop/workspace/fpga_1/export/fpga_1/fpga_1.xpfm",
          "platformPath": "C:\\Users\\Dell\\Desktop\\workspace\\fpga_1\\export\\fpga_1",
          "sysConfig": "fpga_1",
          "domain": "standalone_domain",
          "system": "softwareproject_1_system"
        }
      ],
      "platformPath": "C:\\Users\\Dell\\Desktop\\workspace\\fpga_1\\export\\fpga_1"
    },
    {
      "name": "softwareproject_2_system_system",
      "platform": "C:/Users/Dell/Desktop/workspace/fpga_2/export/fpga_2/fpga_2.xpfm",
      "sysConfig": "fpga_2",
      "buildConfig": "Debug",
      "applications": [
        {
          "name": "softwareproject_2_system",
          "platform": "C:/Users/Dell/Desktop/workspace/fpga_2/export/fpga_2/fpga_2.xpfm",
          "platformPath": "C:\\Users\\Dell\\Desktop\\workspace\\fpga_2\\export\\fpga_2",
          "sysConfig": "fpga_2",
          "domain": "standalone_domain",
          "system": "softwareproject_2_system_system"
        }
      ],
      "platformPath": "C:\\Users\\Dell\\Desktop\\workspace\\fpga_2\\export\\fpga_2"
    },
    {
      "name": "tttt_system",
      "platform": "C:/Users/Dell/Desktop/workspace/new/export/new/new.xpfm",
      "sysConfig": "new",
      "buildConfig": "Debug",
      "applications": [
        {
          "name": "tttt",
          "platform": "C:/Users/Dell/Desktop/workspace/new/export/new/new.xpfm",
          "platformPath": "C:\\Users\\Dell\\Desktop\\workspace\\new\\export\\new",
          "sysConfig": "new",
          "domain": "standalone_domain",
          "system": "tttt_system"
        }
      ],
      "platformPath": "C:\\Users\\Dell\\Desktop\\workspace\\new\\export\\new"
    }
  ],
  "others": []
}